{
  "results": [
    {
    "id": 429617,
    "title": "Spider-Man: Far from Home",
    "overview": "Peter Parker and his friends go on a summer trip to Europe. However, they will hardly be able to rest - Peter will have to agree to help Nick Fury uncover the mystery of creatures that cause natural disasters and destruction throughout the continent.",
    "poster_path": "/2cAc4qH9Uh2NtSujJ90fIAMrw7T.jpg",
    "release_date": "2019"
  },
    {
      "id": 301528,
      "title": "Toy Story 4",
      "overview": "Woody has always been confident about his place in the world and that his priority is taking care of his kid, whether that's Andy or Bonnie. But when Bonnie adds a reluctant new toy called \"Forky\" to her room, a road trip adventure alongside old and new friends will show Woody how big the world can be for a toy.",
      "poster_path": "/w9kR8qbmQ01HwnvK4alvnQ2ca0L.jpg",
      "release_date": "2019"
    },
    {
      "id": 315635,
      "title": "Spider-Man: Homecoming",
      "overview": "Following the events of Captain America: Civil War, Peter Parker, with the help of his mentor Tony Stark, tries to balance his life as an ordinary high school student in Queens, New York City, with fighting crime as his superhero alter ego Spider-Man as a new threat, the Vulture, emerges.\"Forky\" to her room, a road trip adventure alongside old and new friends will show Woody how big the world can be for a toy.",
      "poster_path": "/w1280/kY2c7wKgOfQjvbqe7yVzLTYkxJO.jpg",
      "release_date": "2017"
    },
    {
      "id": 284052,
      "title": "Doctor Strange",
      "overview": "After his career is destroyed, a brilliant but arrogant surgeon gets a new lease on life when a sorcerer takes him under her wing and trains him to defend the world against evil.\"Forky\" to her room, a road trip adventure alongside old and new friends will show Woody how big the world can be for a toy.",
      "vote_average": 7.3,
      "poster_path": "/p/w1280/4PiiNGXj1KENTmCBHeN6Mskj2Fq.jpg",
      "release_date": "2016",
      "vote_count": 2019
    },
    {
      "id": 100402,
      "title": "Captain America: The Winter Soldier",
      "overview": "After the cataclysmic events in New York with The Avengers, Steve Rogers, aka Captain America is living quietly in Washington, D.C. and trying to adjust to the modern world. But when a S.H.I.E.L.D. colleague comes under attack, Steve becomes embroiled in a web of intrigue that threatens to put the world at risk. Joining forces with the Black Widow, Captain America struggles to expose the ever-widening conspiracy while fighting off professional assassins sent to silence him at every turn. When the full scope of the villainous plot is revealed, Captain America and the Black Widow enlist the help of a new ally, the Falcon. However, they soon find themselves up against an unexpected and formidable enemy—the Winter Soldier.\"Forky\" to her room, a road trip adventure alongside old and new friends will show Woody how big the world can be for a toy.",
      "poster_path": "/w1280/5TQ6YDmymBpnF005OyoB7ohZps9.jpg",
      "release_date": "2014"
    },
    {
      "id": 68721,
      "title": "Iron Man 3",
      "overview": "When Tony Stark's world is torn apart by a formidable terrorist called the Mandarin, he starts an odyssey of rebuilding and retribution.\"Forky\" to her room, a road trip adventure alongside old and new friends will show Woody how big the world can be for a toy.",
      "poster_path": "/w1280/7XiGqZE8meUv7L4720L0tIDd7gO.jpg",
      "release_date": "2013"
    },
    {
      "id": 1771,
      "title": "Captain America: The First Avenger",
      "overview": "During World War II, Steve Rogers is a sickly man from Brooklyn who's transformed into super-soldier Captain America to aid in the war effort. Rogers must stop the Red Skull – Adolf Hitler's ruthless head of weaponry, and the leader of an organization that intends to use a mysterious device of untold powers for world domination.\"Forky\" to her room, a road trip adventure alongside old and new friends will show Woody how big the world can be for a toy.",
      "poster_path": "/vSNxAJTlD0r02V9sPYpOjqDZXUK.jpg",
      "release_date": "2011"
    },
    {
      "id": 283995,
      "title": "Guardians of the Galaxy Vol. 2",
      "overview": "The Guardians must fight to keep their newfound family together as they unravel the mysteries of Peter Quill's true parentage.",
      "poster_path": "/y4MBh0EjBlMuOzv9axM4qJlmhzz.jpg",
      "release_date": "2017"
    },
    {
      "id": 271110,
      "title": "Captain America: Civil War",
      "overview": "Following the events of Age of Ultron, the collective governments of the world pass an act designed to regulate all superhuman activity. This polarizes opinion amongst the Avengers, causing two factions to side with Iron Man or Captain America, which causes an epic battle between former allies.",
      "poster_path": "/kSBXou5Ac7vEqKd97wotJumyJvU.jpg",
      "release_date": "2016"
    },
    {
      "id": 284053,
      "title": "Thor: Ragnarok",
      "overview": "Thor is imprisoned on the other side of the universe and finds himself in a race against time to get back to Asgard to stop Ragnarok, the destruction of his home-world and the end of Asgardian civilization, at the hands of an all-powerful new threat, the ruthless Hela.",
      "poster_path": "/rzRwTcFvttcN1ZpX2xv4j3tSdJu.jpg",
      "release_date": "2017"
    }
  ]
}